2014-10-15 20:44:46,222.151.128.122,,Provider Bush Bean
2014-10-20 17:33:37,236.119.136.161,,Quantum
2014-11-07 11:51:44,169.199.129.152,,garden
2014-11-14 12:54:07,102.133.111.22,,garden
2014-12-14 16:21:46,180.2.2.58,mlyLGv55@gmail.com,Roller
2014-12-27 06:51:03,250.158.20.115,,Basil
2015-01-02 07:57:02,70.2.146.23,DrCn48@gmail.com,gardens
2015-01-13 20:23:10,64.251.248.104,rndrsn88@gmail.com,Gloves
2015-01-16 06:45:16,240.169.11.141,,garden
2015-01-17 10:11:24,223.94.60.67,,Garden Sprayer
2015-01-27 11:29:04,177.105.216.156,TmJns55@gmail.com,Hole
2015-02-06 10:34:18,34.78.10.180,lvJnsn80@gmail.com,Marathon
2015-02-11 17:03:23,136.49.105.152,,Hoe
2015-03-09 16:25:49,90.68.40.164,,Corn
2015-03-13 13:08:12,199.146.50.219,,Tattoo
2015-03-14 20:27:34,132.65.54.129,dnMzr54@gmail.com,seeds
2015-03-17 16:30:50,218.27.59.19,BnjmnLpz32@gmail.com,Meditation Benefits
2015-03-25 09:04:54,89.152.216.213,,seeds
2015-03-31 12:31:35,68.15.164.198,,gardens
2015-04-01 09:04:09,38.121.59.70,,net
2015-04-01 11:45:46,84.120.47.223,,seed
2015-04-06 18:10:51,115.6.148.199,mlyWlsn47@gmail.com,Gloves
2015-04-09 14:53:28,151.91.186.33,rnVgdrvtc07@gmail.com,Spreader
2015-04-21 16:21:10,32.240.130.42,,garden
2015-04-24 18:53:01,55.100.95.134,,Japanese Recipes
2015-04-27 15:34:17,26.79.121.207,,Language Learning
2015-05-14 09:17:45,228.108.185.154,,Fall Carrot
2015-05-15 11:36:10,237.200.209.107,LmJcksn69@gmail.com,Memory Improvement
2015-05-27 18:30:41,58.106.127.68,dnCn38@gmail.com,Pruning Shears
2015-05-31 12:58:11,165.231.63.150,,Films
2015-06-03 07:07:24,27.113.253.237,,DIY
2015-06-11 18:14:18,146.222.168.120,lvrGnzlz03@gmail.com,seed
2015-06-20 12:02:19,82.165.187.178,,seeds
2015-06-22 19:27:44,242.178.64.1,,Sprinkler
2015-07-04 12:53:35,112.27.81.22,,Dill
2015-07-10 10:01:19,244.43.106.210,,Garden Fork
2015-07-19 19:48:17,60.246.29.132,NRdrgz64@gmail.com,Golden Sunflower
2015-07-20 21:50:36,38.191.220.251,DrTylr66@gmail.com,Green
2015-07-29 06:26:36,229.75.208.76,,seed
2015-07-31 16:21:46,33.37.113.163,,seeds
2015-08-07 12:02:35,218.148.190.6,,Pepper
2015-08-14 21:52:23,181.235.246.85,,Fennel
2015-08-15 13:51:57,250.158.72.30,,garden
2015-08-19 20:36:44,10.203.161.50,dnL87@gmail.com,gardens
2015-08-20 14:46:07,107.22.140.47,,gardens
2015-08-24 17:07:23,253.103.24.182,lvMrtnz31@gmail.com,gardens
2015-08-29 11:33:51,97.49.166.119,LcsFrdmn68@gmail.com,Tire Change
2015-09-10 06:18:41,34.209.143.151,,Buzz Buttons
2015-09-13 09:09:14,108.181.183.49,mlClrk22@gmail.com,Lawn Aerator
2015-10-18 15:27:42,253.49.228.45,NDnlv92@gmail.com,Stress-Relief
2015-10-19 14:47:48,100.126.253.191,,Fennel
2015-10-25 19:26:48,54.188.125.51,,Budget
2015-10-28 06:11:20,23.97.171.208,NDnlv92@gmail.com,Garden Hose
2015-11-01 09:21:58,181.65.72.176,,Training
2015-11-06 11:31:36,68.162.11.166,,Carbon Footprint
2015-11-13 07:44:13,27.132.135.101,SpRdrgz76@gmail.com,Footprint
2015-11-16 21:50:46,101.219.123.224,,Training
2015-11-28 20:37:47,215.84.34.51,,garden
2015-12-01 20:10:35,254.4.99.87,vlynrnndz30@gmail.com,Green
2015-12-02 10:50:53,193.195.105.252,mlyMllr90@gmail.com,Stress-Relief
2015-12-05 20:19:17,159.25.101.198,,gardens
2015-12-11 12:31:07,95.234.133.96,,Pea
2015-12-13 18:49:26,238.23.190.22,tnRdrgz89@gmail.com,Secateurs
2015-12-19 10:29:29,79.123.247.220,,Marathon
2016-01-10 20:59:55,184.31.92.107,,Post Hole Digger
2016-02-02 12:43:06,21.91.97.191,TmGnzlz10@gmail.com,Jalapeno Pepper
2016-02-17 21:10:48,249.91.247.50,,Yellow
2016-03-01 09:42:07,194.131.77.47,,Blower
2016-03-04 08:21:31,164.210.159.,,Baby
2016-04-03 10:55:35,140.112.162.97,,Cucumber
2016-04-20 06:29:37,72.75.150.128,TmMzr86@gmail.com,Seed
2016-05-09 13:45:17,22.180.212.252,BnjmnLvy69@gmail.com,Purple
2016-05-13 18:42:23,29.241.228.196,,Psychology
2016-05-14 07:54:24,188.73.21.107,,seed
2016-05-18 16:25:41,102.195.53.65,MclWt46@gmail.com,Mini Sweet Pepper
2016-05-25 11:22:02,164.68.244.230,,Coding
2016-05-25 14:34:02,163.65.58.127,,Home
2016-05-31 21:48:23,99.30.99.84,rndrsn88@gmail.com,Universe Theories
2016-06-03 11:53:57,136.220.73.205,,organic
2016-06-07 08:34:13,175..244.90,,garden
2016-06-13 09:42:44,133.106.4.215,dnMzlTylr48@gmail.com,Home DIY
2016-06-13 09:53:25,73.247.28.147,,Yoga Stress-Relief
2016-06-15 18:36:47,144.110.97.219,,Cilantro
2016-06-16 11:25:15,179.117.173.17,SfDvs58@gmail.com,Large
2016-06-28 11:12:07,247.171.105.92,,Soil
2016-07-03 10:38:34,.37.90.171,MclL75@gmail.com,#REF!
2016-07-07 09:38:49,155.154.24.23,,Lawn
2016-07-11 15:52:23,199.5.94.246,LcsFrdmn68@gmail.com,Meditation Benefits
2016-07-12 14:16:50,71.159.220.171,,gardens
2016-08-02 20:34:58,70.174.46.90,MclWt46@gmail.com,Edamame
2016-08-11 17:10:41,122.243.180.133,mlTms24@gmail.com,gardens
2016-08-18 08:20:48,220.235.222.217,,seed
2016-09-04 11:13:18,35.161.9.172,,seed
2016-10-04 08:16:12,134.162.15.190,,Mini Sweet Pepper
2016-10-30 14:47:05,249.155.47.194,,Garden Shredder
2016-11-08 19:10:51,81.162.13.140,,Benefits
2016-11-08 20:56:50,15.68.19.178,,water
2016-11-09 17:52:06,137.32.182.91,LcsDvs97@gmail.com,Strawberry Blonde Sunflower
2016-11-10 15:12:21,138.226.108.63,JlMzlGnzlz30@gmail.com,Yoga
2016-11-18 09:36:53,63.34.178.174,,seed
2016-11-28 07:14:15,89.224.145.157,CrlttGv82@gmail.com,Cucamelon
2016-12-01 20:25:19,112.106.227.171,,Rainbow
2016-12-02 20:55:46,191.195.147.20,rMr94@gmail.com,Cayenne
2016-12-09 13:02:46,206.141.128.202,,Roman History
2016-12-17 18:21:28,145.39.35.191,,Seed Spreader
2016-12-24 15:17:17,84.40.96.163,rnMzr40@gmail.com,garden
2016-12-29 08:07:03,176.23.151.164,,gardens
2017-01-05 10:34:12,178.252.137.245,,Garden
2017-01-05 20:34:38,77.194.229.217,,gardens
2017-01-09 21:04:23,157.243.22.36,,Glacier
2017-01-16 21:20:14,84.46.147.151,lvrMrtnz24@gmail.com,Kale
2017-01-20 18:17:40,187.23.241.18,,garden
2017-01-26 06:50:44,62.99.87.15,mlTylr22@gmail.com,Language Learning
2017-01-26 11:39:02,188.68.113.103,,Bean
2017-02-13 07:25:20,36.83.111.97,NMr51@gmail.com,Jalapeno Pepper
2017-02-27 16:50:39,77.39.26.219,,Yellow
2017-03-01 18:33:13,193.115.23.1,lvMrtnz31@gmail.com,Nastrutium
2017-03-17 21:50:54,215.149.184.220,ljMzr90@gmail.com,Broccoli
2017-03-18 12:40:55,224.96.157.150,JlGrc29@gmail.com,seed
2017-03-18 18:54:17,76.139.127.166,CrlttCLvy87@gmail.com,Leaf
2017-04-08 20:19:36,58.127.94.237,GfnSmt50@gmail.com,seeds
2017-04-09 06:22:07,95.171.208.210,lvrMrtnz68@gmail.com,Zinnia
2017-04-12 15:21:52,48.183.82.210,,Cilantro
2017-05-05 17:02:35,26.177.63.26,,Post Hole Digger
2017-05-07 16:52:29,20.114.65.54,,Caffeine
2017-05-10 18:33:42,76.6.230.230,,gardens
2017-06-05 08:28:59,164.66.132.181,,Zinnia
2017-06-20 17:37:36,77.141.24.67,dnCn61@gmail.com,Weeder
2017-07-05 07:15:21,99.186.137.199,,Dragon
2017-07-07 13:56:21,217.81.35.221,,Garden Shredder
2017-07-11 19:23:06,72.33.16.38,dnCn61@gmail.com,Rainbow Chard
2017-07-13 17:04:41,61.239.140.146,,Fall
2017-07-19 20:34:02,7.210.65.26,,Caffeine
2017-08-15 10:45:16,193.148.126.231,,Effects
2017-08-25 16:10:50,68.46.15.100,ljMzr90@gmail.com,Radish
2017-09-11 21:51:23,79.246.40.215,,seeds
2017-09-22 19:58:44,164.119.17.169,NLpz52@gmail.com,seed
2017-10-03 21:01:26,56.85.100.114,JlKtz68@gmail.com,Watering
2017-10-05 15:39:39,168.54.130.37,,gardens
2017-11-02 07:33:43,140.48.59.93,,Podcasting
2017-11-28 10:55:46,150.75.250.133,,Leaf Blower
2017-12-14 21:13:34,33.130.128.108,rJnsn87@gmail.com,seeds
2018-01-06 10:40:58,67.50.35.182,,seed
2018-01-20 11:37:23,11.207.230.103,,Leaf
2018-01-28 21:30:02,16.170.103.167,mlyWlsn47@gmail.com,Meditation Benefits
2018-01-29 13:59:32,88.176.91.38,rBrwn18@gmail.com,Weeder
2018-01-31 17:07:23,44.84.178.104,dnClrk21@gmail.com,wand
2018-02-01 19:00:37,140.75.173.30,tnJnsn18@gmail.com,Learning
2018-02-03 21:42:19,220.88.206.20,SpL90@gmail.com,Cherry
2018-02-06 17:05:50,79.97.240.108,vlynrnndz30@gmail.com,gardens
2018-02-08 11:17:15,199.168.44.176,ljTmpsn16@gmail.com,Spring
2018-02-22 08:56:10,181.240.185.32,,Hole
2018-02-27 08:23:55,38.231.226.40,,garden
2018-03-03 19:51:31,21.178.184.135,mlyMllr90@gmail.com,seed
2018-03-14 08:26:08,117.3.184.233,mmPrz20@gmail.com,garden
2018-04-06 11:17:18,191.226.22.20,,Digger
2018-04-09 20:04:40,24.25.5.210,,Kale
2018-04-18 17:16:00,9.193.11.198,LcsGrcWzmn61@gmail.com,Smartphone Photography
2018-05-08 14:09:41,194.208.52.77,,Podcasting
2018-05-14 11:18:31,169.142.157.114,,Cantaloupe
2018-05-18 09:44:20,129.105.221.100,sbllDnlv60@gmail.com,Bell
2018-05-28 21:29:55,35.217.47.183,MdsnnnLpz84@gmail.com,Calendula
2018-05-29 19:22:30,18.18.141.107,,Landmarks
2018-06-11 06:46:46,110.180.112.141,bglJspClrk72@gmail.com,seed
2018-06-21 16:45:23,244.60.193.215,,gardens
2018-06-29 11:04:13,205.191.130.60,,gardens
2018-06-30 12:51:27,120.56.202.7,,wand
2018-07-06 16:55:17,238.54.80.120,NMr51@gmail.com,Post
2018-07-14 15:34:33,85.164.24.68,,gardens
2018-07-19 21:01:29,196.230.39.70,,Roller
2018-07-20 12:52:10,221.125.15.97,tnSmt77@gmail.com,Cherry
2018-07-30 14:19:36,162.51.17.212,,gardens
2018-08-16 08:47:03,129.95.194.3,,Cart
2018-08-31 14:36:43,27.231.179.150,,garden
2018-09-05 17:12:37,119.178.90.141,,seeds
2018-09-07 11:51:55,202.151.59.205,vKtz54@gmail.com,gardens
2018-09-19 12:54:03,128.91.190.78,vryBrwn36@gmail.com,barrow
2018-09-24 08:40:16,124.48.127.225,,garden
2018-09-27 14:10:00,49.250.185.19,,gardens
2018-10-09 15:55:29,146.42.200.14,JlCn61@gmail.com,Bell
2018-10-19 12:29:10,25.236.245.98,MsnMzlRbnsn23@gmail.com,Dragon Bean
2018-10-19 19:39:10,120.140.236.191,,Knife
2018-10-24 09:45:49,144.23.221.244,,Paris
2018-10-29 11:51:58,113.186.37.206,dnL87@gmail.com,Post
2018-11-05 07:00:19,174.123.66.130,SfJspL16@gmail.com,History
2018-11-13 20:01:37,52.252.20.194,JlSrCn79@gmail.com,seed
2018-11-18 19:57:51,39.242.231.178,lvDn32@gmail.com,Bell
2018-11-25 17:49:47,176.22.61.77,,DIY
2018-12-17 13:41:13,50.104.83.234,,gardens
2018-12-19 16:33:55,58.190.246.184,Jcksnnnndrsn21@gmail.com,Quantum Basics
2019-01-05 16:35:42,168.224.182.42,,Fork
2019-01-07 10:30:05,222.183.229.95,SfVgdrvtc07@gmail.com,Web
2019-01-23 12:58:08,235.209.251.71,LcsDvs97@gmail.com,Buttons
2019-01-28 12:17:47,231.173.127.158,,Garden
2019-02-01 20:28:40,123.149.254.118,LcsFrdmn68@gmail.com,Pruning
2019-03-15 09:52:45,64.34.169.145,,seeds
2019-04-05 11:04:38,227.114.205.77,,gardens
2019-04-14 08:50:17,31.76.77.205,lvMrtnz31@gmail.com,seeds
2019-04-14 08:55:49,20..218.198,mlTylr22@gmail.com,Improvement
2019-04-24 14:54:02,253.193.63.84,SpTylr86@gmail.com,Training
2019-04-25 06:19:21,228.231.112.8,,Credit
2019-05-01 09:06:19,235.185.68.61,,Writing
2019-05-02 19:05:09,4.111.120.236,,seed
2019-05-11 12:00:42,108.87.94.17,,Landmarks
2019-05-13 10:54:14,49.57.142.3,,garden
2019-05-13 11:17:48,17.254.38.22,,NYC
2019-05-15 17:25:58,59.126.35.205,,Glacier
2019-05-16 07:54:11,181.3.63.56,,seeds
2019-05-17 14:40:31,68.38.192.70,fkRmrz22@gmail.com,Snap
2019-05-17 15:27:58,83.246.75.30,,Jazz
2019-05-29 10:23:25,104.134.56.154,,Green
2019-06-02 09:48:13,164.251.63.229,TmGnzlz10@gmail.com,Pumpkin
2019-06-10 16:16:15,223.172.76.29,,Gold
2019-06-26 20:21:00,67.162.182.247,,Parsley
2019-06-27 15:15:27,129.77.242.74,JlSrCn79@gmail.com,seed
2019-07-12 19:36:07,128.28.230.131,,garden
2019-07-20 09:49:32,242.141.96.149,SfMzr53@gmail.com,Strawberry Blonde Sunflower
2019-08-04 17:55:05,208.102.170.253,,seeds
2019-08-05 19:49:45,237.202.255.34,,garden
2019-08-07 21:21:44,104.161.16.254,,garden
2019-08-09 07:03:35,214.63.228.161,,Cilantro
2019-08-19 08:12:32,191.145.60.169,tnRdrgz89@gmail.com,Credit Tips
2019-08-22 13:36:05,95.59.160.186,DrGrc57@gmail.com,Zinnia
2019-08-27 18:20:25,.200.113.52,vlynFrdmn13@gmail.com,Caffeine Effects
2019-08-28 09:26:38,94.116.167.127,,Blend
2019-09-21 21:16:48,38.247.186.118,,Jazz History
2019-09-22 06:06:21,179.52.157.16,,garden
2019-09-26 17:14:20,109.12.197.221,,Lemon Cucumber
2019-09-29 13:04:35,8.244.16.254,,Leaf
2019-10-03 19:55:34,243.79.84.147,,gardens
2019-10-11 21:36:04,152.241.164.132,,Coding
2019-10-17 08:51:30,20.40.94.95,,gardens
2019-10-24 08:16:41,128.205.211.47,,Yoga
2019-10-25 09:44:03,117.15.125.129,LmRdrgz92@gmail.com,Sprayer
2019-10-29 12:10:30,11.30.16.136,mlClrk76@gmail.com,Cucumber
2019-11-04 10:12:01,126.157.40.124,,gardens
2019-11-14 09:17:12,172.190.146.117,,garden
2019-11-21 18:38:48,156.222.221.107,,garden
2019-11-24 09:21:40,118.8.236.243,,garden
2019-12-01 06:28:43,48.100.137.2,,wheel
2019-12-04 08:37:11,39.215.195.211,lvrTylr54@gmail.com,seed
2019-12-09 07:34:32,127.106.222.176,,Spring
2019-12-28 12:24:27,81.5.125.148,,Snap
2020-01-09 13:24:22,30.221.163.202,,garden
2020-01-09 16:24:04,65.73.120.109,,garden
2020-02-04 08:50:18,248.253.86.68,,gardens
2020-02-23 12:11:10,161.185.45.41,,Home
2020-03-27 17:41:36,212.95.221.191,,seed
2020-04-19 12:31:28,4.46.156.154,,Quantum
2020-05-03 10:10:12,164.57.206.196,,Credit
2020-05-05 19:56:58,140.245.20.98,mlyWlsn47@gmail.com,Butterhead Lettuce
2020-05-27 19:31:11,49.121.116.231,JmsJnWllms60@gmail.com,seeds
2020-06-01 12:13:27,30.59.114.111,,Cilantro
2020-06-06 07:56:21,207.72.207.35,,Garden Shredder
2020-06-21 09:58:29,150.88.51.185,,Tangerine Gem Marigold
2020-07-02 07:25:11,181.83.165.120,tnCn30@gmail.com,seed
2020-07-19 19:28:11,213.9.59.251,SpMllr09@gmail.com,seeds
2020-08-05 08:40:59,52.1.78.218,,Writing
2020-08-17 10:10:34,221.74.193.171,mlClrk76@gmail.com,Garden Shredder
2020-08-29 08:35:47,42.246.86.136,,Fork
2020-09-19 14:26:42,72.175.188.98,vlynFrdmn13@gmail.com,Dark Orange Marigold
2020-09-21 14:43:34,2.7..229,,garden
2020-10-06 07:26:34,57.125.59.198,mlyLGv55@gmail.com,Soil
2020-10-09 14:55:11,154.189.180.116,,seeds
2020-10-12 11:57:12,146.97.87.127,,Garden
2020-10-19 07:00:27,114.6.189.242,SfDvs58@gmail.com,seed
2020-10-20 13:17:48,175.244.79.32,,Garden Fork
2020-10-30 12:16:48,217.125.150.139,,garden
2020-11-05 06:05:32,246.51.245.45,fkRmrz22@gmail.com,Investment
2020-11-17 15:25:14,168.62.124.149,,Shishito Pepper
2020-11-21 12:43:20,155.83.77.190,,Garden Shredder
2020-11-24 09:37:35,63.60.236.107,,gardens
2020-11-25 16:42:20,35.140.110.20,,Zinnia
2020-11-29 20:42:29,196.70.113.75,,pH
2020-12-01 07:10:55,13.228.110.79,,Spade
2020-12-03 18:36:43,107.52.217.110,,Bush
2020-12-16 09:54:32,169.117.30.151,GfnMllr94@gmail.com,Thyme
2020-12-18 12:29:57,12.250.116.52,,Traveling
2021-01-13 16:46:51,70.213.245.61,SpMrtnz52@gmail.com,Credit
2021-01-19 12:19:33,35.50.115.88,,Kale
2021-02-25 20:12:06,158.220.198.52,LmRdrgz92@gmail.com,Provider Bush Bean
2021-03-08 07:04:50,139.83.103.145,,seeds
2021-03-13 12:06:38,185.31.103.23,,wheel
2021-03-18 17:21:32,121.60.230.12,,garden
2021-03-29 16:35:46,177.241.87.49,,Buzz Buttons
2021-03-31 12:17:44,45.162.36.5,,Marathon
2021-04-14 06:37:45,14.108.193.117,,seeds
2021-04-20 10:29:00,64.154.89.157,mlMrtn97@gmail.com,Garden
2021-05-11 20:50:16,101.230.159.102,mlyWlsn47@gmail.com,gardens
2021-05-29 06:53:53,26.86.133.116,,Stock
2021-05-31 15:34:53,40.109.182.8,dnMzr54@gmail.com,Cauliflower
2021-06-10 13:54:13,205.16.157.121,,garden
2021-06-15 06:42:26,175.224.92.31,LmFrdmn48@gmail.com,Husk Cherry
2021-06-20 15:24:14,50.200.13.187,,Hole
2021-07-01 06:10:01,166.228.249.75,mlyWlsn47@gmail.com,Mini Sweet Pepper
2021-07-02 09:09:45,26.207.86.254,JlMzlGnzlz30@gmail.com,Cultivator
2021-07-08 17:46:57,226.181.206.100,,Home DIY
2021-07-31 20:03:52,125.14.241.137,,Carrot
2021-08-13 21:11:59,55.46.165.174,,Training
2021-08-16 21:10:57,26.178.28.252,,Tomatillo
2021-08-24 06:05:25,17.11.7.124,JmsTms40@gmail.com,Language Learning
2021-09-05 10:30:44,145.10.174.147,,gardens
2021-09-05 16:26:52,157.90.139.117,,Can
2021-09-11 08:51:40,219.252.20.6,JlGnzlz70@gmail.com,Tomato
2021-09-12 07:47:43,71.114.54.138,,Soil pH Tester
2021-09-14 17:22:17,98.117.80.7,,Cucumber
2021-09-15 09:02:47,116.170.213.36,,Heirloom Medium Red Tomato
2021-09-25 12:40:57,223.107.97.243,fkndrsn62@gmail.com,seeds
2021-10-02 21:52:44,218.109.104.204,,gardens
2021-10-07 12:21:54,218.173.56.134,,Butterfly
2021-10-07 14:24:06,105.203.167.97,,Dream
2021-10-27 14:55:28,25.203.117.38,MsnMrtnz51@gmail.com,gardens
2021-10-30 13:16:54,88.16.226.163,,Glacier Tomato
2021-11-10 09:20:48,52.194.250.199,,Edger
2021-11-11 20:55:27,157.163.216.73,dnClrk21@gmail.com,bed
2021-11-21 12:19:00,58.115.206.2,,Gold
2021-11-24 11:17:36,106.29.6.15,bglJspClrk72@gmail.com,Radish
2021-12-02 08:18:57,184.26.65.97,,Deep Purple Carrot
2021-12-02 20:26:33,117.55.118.36,,Japanese
2021-12-07 15:42:02,236.121.195.238,,Golden
2022-01-13 07:00:44,162.159.125.175,,barrow
2022-01-17 08:04:58,31.19.10.113,fkndrsn62@gmail.com,gardens
2022-01-18 14:40:51,244.176.181.66,MsnMrtnz51@gmail.com,seed
2022-02-07 20:56:48,9.181.205.8,MclWzmn73@gmail.com,DIY
2022-02-12 14:17:15,234.199.207.85,,Sci-Fi
2022-02-12 17:30:22,44.49.213.202,,seeds
2022-02-14 19:03:06,142.182.133.232,SpMllr09@gmail.com,Carbon Footprint
2022-02-15 17:45:07,51.101.23.235,,Hoe
2022-02-16 21:47:41,54.166.237.190,,Weeder
2022-02-18 10:29:09,83.30.159.156,,Stock
2022-02-27 15:40:05,86.117.8.50,,Eateries
2022-03-10 08:42:30,178.211.132.23,,Yellow Squash
2022-03-11 11:55:06,98.248.66.244,,Tattoo
2022-03-21 19:34:17,112.62.225.24,bglTylr87@gmail.com,Web Coding
2022-03-24 16:55:02,64.165.201.79,dnL87@gmail.com,Smartphone Photography
2022-03-26 14:12:28,165.73.124.116,rnJns04@gmail.com,Squash
2022-04-19 08:42:22,232.189.104.234,JmsJcksn71@gmail.com,Traveling Pets
2022-04-19 10:49:29,181.108.137.62,SpRdrgz76@gmail.com,seed
2022-06-02 14:02:18,5.139.23.64,,French Breakfast Radish
2022-06-15 19:21:40,212.151.99.40,DrrBrwn54@gmail.com,Investment
2022-06-30 14:29:25,101.101.233.38,,gardens
2022-07-10 14:48:44,46.8.185.201,MclWzmn73@gmail.com,Resume Writing
2022-07-10 21:48:47,224.154.239.174,,organic
2022-07-18 17:04:49,4.9.183.101,MsnMzlRbnsn23@gmail.com,Post Hole Digger
2022-08-21 12:54:48,217.162.125.157,SpMllr09@gmail.com,seed
2022-08-23 12:10:01,211.107.96.206,,wand
2022-09-05 11:38:19,200.175.167.212,,Tomato
2022-09-16 13:22:13,151.94.25.154,,Landmarks
2022-09-23 13:11:48,103.152.231.191,,Blower
2022-09-25 08:33:45,116.115.26.25,DrCn48@gmail.com,NYC Eateries
2022-09-29 09:52:54,19.11.94.25,,Baby
2022-09-29 17:59:37,175.70.22.23,lvrGnzlz03@gmail.com,gardens
2022-09-29 19:18:34,72.195.246.153,JcksnDvs12@gmail.com,seed
2022-10-13 16:27:54,107.42.127.85,mlyJcksn56@gmail.com,seeds
2022-11-10 18:19:54,118.83.4.164,,Tomato
2022-11-20 19:54:11,255.219.220.69,,Watering Can
2022-11-21 21:53:57,191.21.180.111,,Racer Pumpkin
2022-11-22 08:56:10,252.181.71.241,,Cucumber
2022-12-14 18:38:01,26.10.132.142,,Medium
2022-12-16 17:09:50,162.12.134.32,,Chainsaw
2022-12-18 06:09:07,185.151.50.71,,garden
2022-12-28 16:47:34,162.185.68.35,,Edamame
2023-01-10 17:21:45,188.176.99.95,CrlttWzmn62@gmail.com,Salad
2023-01-15 08:31:13,140.255.149.196,,gardens
2023-01-25 15:45:05,31.203.103.32,,Borage
2023-01-27 21:23:24,226.75.65.244,,Tomato
2023-02-03 09:44:30,20.229.244.246,NRdrgz64@gmail.com,Dark
2023-02-12 17:52:56,41.14.110.184,,Buttons
2023-02-17 18:16:42,36.137.171.137,,Rake
2023-03-04 09:41:15,122.128.45.219,,seed
2023-03-05 13:57:29,187.1.229.160,,seed
2023-03-05 17:23:51,249.52.37.173,,Effects
2023-03-07 14:01:18,171.21.39.134,,Sci-Fi
2023-03-12 15:17:10,81.24.251.95,,seed
2023-03-15 08:11:46,242.49.81.226,,Bean
2023-03-15 12:35:34,138.231.210.80,,Pepper
2023-03-16 07:21:53,77.138.10.122,mlMrtn97@gmail.com,seeds
2023-04-12 20:31:51,186.100.206.105,,Tire Change
2023-04-13 19:47:13,.178.253.170,,garden
2023-04-27 07:52:25,21.232.49.2,,gardens
2023-05-04 21:42:49,23.101.244.82,,Seed Spreader
2023-05-23 09:50:42,227.167.135.44,,seed
2023-06-13 09:16:42,203.34.45.117,,Sun Gold Cherry Tomato
2023-06-30 18:14:41,239.133.116.43,,seeds
2023-07-03 09:39:39,231.127.33.190,SpRdrgz76@gmail.com,Trowel
2023-07-15 09:04:41,41.112.34.94,,Sun Gold Cherry Tomato
2023-07-17 08:26:04,234.189.253.88,mlrnndz72@gmail.com,Pets
2023-07-17 21:24:30,147.21.116.146,,Jalapeno
2023-07-18 16:15:38,121.9.5.135,,Yellow Squash
2023-07-19 11:00:14,181.207.248.,,Sci-Fi
2023-08-08 19:52:42,211.37.43.109,,Universe
2023-08-26 17:19:09,255.141.17.82,,seeds
2023-09-04 13:51:06,52.45.47.236,,Media
2023-09-04 18:02:51,58.58.30.167,,Home
2023-09-09 21:49:57,65.128.255.149,,Mustard
2023-09-29 20:00:07,64.223.57.1,JmsClrk81@gmail.com,Stock
2023-10-02 10:17:28,187.168.117.33,,gardens
2023-10-03 17:02:55,156.49.79.39,,seeds
2023-10-16 12:13:18,109.68.122.160,,Credit Tips
2023-10-19 13:31:50,217.131.29.38,TmWt75@gmail.com,Benefits
2023-10-23 06:48:08,32.4.138.56,,Training
2023-11-08 07:28:32,137.255.202.98,,seeds
2023-11-14 15:53:26,180.192.243.48,MsnL66@gmail.com,Garden Hose
2023-12-01 16:12:15,156.106.55.245,fkJnWzmn43@gmail.com,Mini
2023-12-07 08:17:38,233.238.18.79,,gardens
2024-01-04 20:51:09,176.193.144.85,LmSncz07@gmail.com,Carbon
2024-01-11 18:17:17,143.187.26.178,mmPrz20@gmail.com,gardens
2024-01-12 21:34:12,190.81.174.206,,seeds
2024-01-21 10:13:38,90.6.254.224,,Salad Blend Lettuce
2024-02-04 12:26:24,112.226.122.141,,Butterfly
2024-02-11 08:04:37,58.109.110.124,mmMzr90@gmail.com,Mini
2024-02-16 14:26:50,115.248.183.134,GfnSmt50@gmail.com,Fall Carrot